celltype_raw,celltype_id,sample,study,n_counts,n_genes,celltype_name,doublet_score,pred_dbl,Disease,query_group,query,method,rank,score,item_id
Myofibroblast,CL:0000186,DS000011735-GSM4058965,DS000011735,3639.88525390625,3582,myofibroblast cell,0.02272382378578186,False,IPF,IPF::myofibroblast cell,IPF myofibroblast centroid,exact,1,0.9930484294891357,cell-45761
Myofibroblast,CL:0000186,DS000011735-GSM4058966,DS000011735,3317.873291015625,2465,myofibroblast cell,0.012435315176844597,False,IPF,IPF::myofibroblast cell,IPF myofibroblast centroid,exact,2,0.9925165176391602,cell-36812
Myofibroblast,CL:0000186,DS000011735-GSM4058959,DS000011735,3136.9453125,2178,myofibroblast cell,0.02688712067902088,False,IPF,IPF::myofibroblast cell,IPF myofibroblast centroid,exact,3,0.9915440082550049,cell-8143
Myofibroblast,CL:0000186,DS000011735-GSM4058959,DS000011735,3365.392822265625,2565,myofibroblast cell,0.13452260196208954,False,IPF,IPF::myofibroblast cell,IPF myofibroblast centroid,exact,4,0.990559458732605,cell-38247
Myofibroblast,CL:0000186,DS000011735-GSM4058967,DS000011735,3816.3984375,3439,myofibroblast cell,0.02442614734172821,False,IPF,IPF::myofibroblast cell,IPF myofibroblast centroid,exact,5,0.9904184341430664,cell-39922
Myofibroblast,CL:0000186,DS000011735-GSM4058951,DS000011735,2823.35107421875,1616,myofibroblast cell,0.04003108665347099,False,IPF,IPF::myofibroblast cell,IPF myofibroblast centroid,exact,6,0.9903656244277954,cell-25642
Myofibroblast,CL:0000186,DS000011735-GSM4058966,DS000011735,3414.177978515625,2720,myofibroblast cell,0.027145087718963623,False,IPF,IPF::myofibroblast cell,IPF myofibroblast centroid,exact,7,0.9902702569961548,cell-40466
Myofibroblast,CL:0000186,DS000011735-GSM4058958,DS000011735,2520.435302734375,1241,myofibroblast cell,0.07648591697216034,False,IPF,IPF::myofibroblast cell,IPF myofibroblast centroid,exact,8,0.9902615547180176,cell-49321
Myofibroblast,CL:0000186,DS000011735-GSM4058970,DS000011735,2789.89599609375,1619,myofibroblast cell,0.04801020398736,False,IPF,IPF::myofibroblast cell,IPF myofibroblast centroid,exact,9,0.9902443885803223,cell-35204
Myofibroblast,CL:0000186,DS000011735-GSM4058970,DS000011735,2736.68212890625,1505,myofibroblast cell,0.02042905054986477,False,IPF,IPF::myofibroblast cell,IPF myofibroblast centroid,exact,10,0.9901535511016846,cell-34471
Myofibroblast,CL:0000186,DS000011735-GSM4058965,DS000011735,3639.88525390625,3582,myofibroblast cell,0.02272382378578186,False,IPF,IPF::myofibroblast cell,IPF myofibroblast centroid,turboquant-prod-b2,1,0.9930484294891357,cell-45761
Myofibroblast,CL:0000186,DS000011735-GSM4058966,DS000011735,3317.873291015625,2465,myofibroblast cell,0.012435315176844597,False,IPF,IPF::myofibroblast cell,IPF myofibroblast centroid,turboquant-prod-b2,2,0.9925165176391602,cell-36812
Myofibroblast,CL:0000186,DS000011735-GSM4058959,DS000011735,3136.9453125,2178,myofibroblast cell,0.02688712067902088,False,IPF,IPF::myofibroblast cell,IPF myofibroblast centroid,turboquant-prod-b2,3,0.9915440082550049,cell-8143
Myofibroblast,CL:0000186,DS000011735-GSM4058959,DS000011735,3365.392822265625,2565,myofibroblast cell,0.13452260196208954,False,IPF,IPF::myofibroblast cell,IPF myofibroblast centroid,turboquant-prod-b2,4,0.990559458732605,cell-38247
Myofibroblast,CL:0000186,DS000011735-GSM4058967,DS000011735,3816.3984375,3439,myofibroblast cell,0.02442614734172821,False,IPF,IPF::myofibroblast cell,IPF myofibroblast centroid,turboquant-prod-b2,5,0.9904184341430664,cell-39922
Myofibroblast,CL:0000186,DS000011735-GSM4058951,DS000011735,2823.35107421875,1616,myofibroblast cell,0.04003108665347099,False,IPF,IPF::myofibroblast cell,IPF myofibroblast centroid,turboquant-prod-b2,6,0.9903656244277954,cell-25642
Myofibroblast,CL:0000186,DS000011735-GSM4058966,DS000011735,3414.177978515625,2720,myofibroblast cell,0.027145087718963623,False,IPF,IPF::myofibroblast cell,IPF myofibroblast centroid,turboquant-prod-b2,7,0.9902702569961548,cell-40466
Myofibroblast,CL:0000186,DS000011735-GSM4058958,DS000011735,2520.435302734375,1241,myofibroblast cell,0.07648591697216034,False,IPF,IPF::myofibroblast cell,IPF myofibroblast centroid,turboquant-prod-b2,8,0.9902615547180176,cell-49321
Myofibroblast,CL:0000186,DS000011735-GSM4058970,DS000011735,2789.89599609375,1619,myofibroblast cell,0.04801020398736,False,IPF,IPF::myofibroblast cell,IPF myofibroblast centroid,turboquant-prod-b2,9,0.9902443885803223,cell-35204
Myofibroblast,CL:0000186,DS000011735-GSM4058970,DS000011735,2736.68212890625,1505,myofibroblast cell,0.02042905054986477,False,IPF,IPF::myofibroblast cell,IPF myofibroblast centroid,turboquant-prod-b2,10,0.9901535511016846,cell-34471
Myofibroblast,CL:0000186,DS000011735-GSM4058965,DS000011735,3639.88525390625,3582,myofibroblast cell,0.02272382378578186,False,IPF,IPF::myofibroblast cell,IPF myofibroblast centroid,turboquant-prod-b3,1,0.9930484294891357,cell-45761
Myofibroblast,CL:0000186,DS000011735-GSM4058966,DS000011735,3317.873291015625,2465,myofibroblast cell,0.012435315176844597,False,IPF,IPF::myofibroblast cell,IPF myofibroblast centroid,turboquant-prod-b3,2,0.9925165176391602,cell-36812
Myofibroblast,CL:0000186,DS000011735-GSM4058959,DS000011735,3136.9453125,2178,myofibroblast cell,0.02688712067902088,False,IPF,IPF::myofibroblast cell,IPF myofibroblast centroid,turboquant-prod-b3,3,0.9915440082550049,cell-8143
Myofibroblast,CL:0000186,DS000011735-GSM4058959,DS000011735,3365.392822265625,2565,myofibroblast cell,0.13452260196208954,False,IPF,IPF::myofibroblast cell,IPF myofibroblast centroid,turboquant-prod-b3,4,0.990559458732605,cell-38247
Myofibroblast,CL:0000186,DS000011735-GSM4058967,DS000011735,3816.3984375,3439,myofibroblast cell,0.02442614734172821,False,IPF,IPF::myofibroblast cell,IPF myofibroblast centroid,turboquant-prod-b3,5,0.9904184341430664,cell-39922
Myofibroblast,CL:0000186,DS000011735-GSM4058951,DS000011735,2823.35107421875,1616,myofibroblast cell,0.04003108665347099,False,IPF,IPF::myofibroblast cell,IPF myofibroblast centroid,turboquant-prod-b3,6,0.9903656244277954,cell-25642
Myofibroblast,CL:0000186,DS000011735-GSM4058966,DS000011735,3414.177978515625,2720,myofibroblast cell,0.027145087718963623,False,IPF,IPF::myofibroblast cell,IPF myofibroblast centroid,turboquant-prod-b3,7,0.9902702569961548,cell-40466
Myofibroblast,CL:0000186,DS000011735-GSM4058958,DS000011735,2520.435302734375,1241,myofibroblast cell,0.07648591697216034,False,IPF,IPF::myofibroblast cell,IPF myofibroblast centroid,turboquant-prod-b3,8,0.9902615547180176,cell-49321
Myofibroblast,CL:0000186,DS000011735-GSM4058970,DS000011735,2789.89599609375,1619,myofibroblast cell,0.04801020398736,False,IPF,IPF::myofibroblast cell,IPF myofibroblast centroid,turboquant-prod-b3,9,0.9902443885803223,cell-35204
Myofibroblast,CL:0000186,DS000011735-GSM4058970,DS000011735,2736.68212890625,1505,myofibroblast cell,0.02042905054986477,False,IPF,IPF::myofibroblast cell,IPF myofibroblast centroid,turboquant-prod-b3,10,0.9901535511016846,cell-34471
Myofibroblast,CL:0000186,DS000011735-GSM4058965,DS000011735,3639.88525390625,3582,myofibroblast cell,0.02272382378578186,False,IPF,IPF::myofibroblast cell,IPF myofibroblast centroid,turboquant-prod-b4,1,0.9930484294891357,cell-45761
Myofibroblast,CL:0000186,DS000011735-GSM4058966,DS000011735,3317.873291015625,2465,myofibroblast cell,0.012435315176844597,False,IPF,IPF::myofibroblast cell,IPF myofibroblast centroid,turboquant-prod-b4,2,0.9925165176391602,cell-36812
Myofibroblast,CL:0000186,DS000011735-GSM4058959,DS000011735,3136.9453125,2178,myofibroblast cell,0.02688712067902088,False,IPF,IPF::myofibroblast cell,IPF myofibroblast centroid,turboquant-prod-b4,3,0.9915440082550049,cell-8143
Myofibroblast,CL:0000186,DS000011735-GSM4058959,DS000011735,3365.392822265625,2565,myofibroblast cell,0.13452260196208954,False,IPF,IPF::myofibroblast cell,IPF myofibroblast centroid,turboquant-prod-b4,4,0.990559458732605,cell-38247
Myofibroblast,CL:0000186,DS000011735-GSM4058967,DS000011735,3816.3984375,3439,myofibroblast cell,0.02442614734172821,False,IPF,IPF::myofibroblast cell,IPF myofibroblast centroid,turboquant-prod-b4,5,0.9904184341430664,cell-39922
Myofibroblast,CL:0000186,DS000011735-GSM4058951,DS000011735,2823.35107421875,1616,myofibroblast cell,0.04003108665347099,False,IPF,IPF::myofibroblast cell,IPF myofibroblast centroid,turboquant-prod-b4,6,0.9903656244277954,cell-25642
Myofibroblast,CL:0000186,DS000011735-GSM4058966,DS000011735,3414.177978515625,2720,myofibroblast cell,0.027145087718963623,False,IPF,IPF::myofibroblast cell,IPF myofibroblast centroid,turboquant-prod-b4,7,0.9902702569961548,cell-40466
Myofibroblast,CL:0000186,DS000011735-GSM4058958,DS000011735,2520.435302734375,1241,myofibroblast cell,0.07648591697216034,False,IPF,IPF::myofibroblast cell,IPF myofibroblast centroid,turboquant-prod-b4,8,0.9902615547180176,cell-49321
Myofibroblast,CL:0000186,DS000011735-GSM4058970,DS000011735,2789.89599609375,1619,myofibroblast cell,0.04801020398736,False,IPF,IPF::myofibroblast cell,IPF myofibroblast centroid,turboquant-prod-b4,9,0.9902443885803223,cell-35204
Myofibroblast,CL:0000186,DS000011735-GSM4058970,DS000011735,2736.68212890625,1505,myofibroblast cell,0.02042905054986477,False,IPF,IPF::myofibroblast cell,IPF myofibroblast centroid,turboquant-prod-b4,10,0.9901535511016846,cell-34471
Myofibroblast,CL:0000186,DS000011735-GSM4058958,DS000011735,2905.127197265625,1902,myofibroblast cell,0.08698706328868866,False,IPF,IPF::myofibroblast cell,IPF myofibroblast centroid,faiss-pq-m8-nbits8,1,1.043597936630249,cell-3003
Myofibroblast,CL:0000186,DS000011735-GSM4058952,DS000011735,4056.703857421875,4260,myofibroblast cell,0.04323028773069382,False,IPF,IPF::myofibroblast cell,IPF myofibroblast centroid,faiss-pq-m8-nbits8,2,1.0297290086746216,cell-13245
Myofibroblast,CL:0000186,DS000011735-GSM4058960,DS000011735,2936.963134765625,1981,myofibroblast cell,0.04615793749690056,False,IPF,IPF::myofibroblast cell,IPF myofibroblast centroid,faiss-pq-m8-nbits8,3,1.0269501209259033,cell-11757
Myofibroblast,CL:0000186,DS000011735-GSM4058959,DS000011735,2235.57177734375,978,myofibroblast cell,0.014679931104183197,False,IPF,IPF::myofibroblast cell,IPF myofibroblast centroid,faiss-pq-m8-nbits8,4,1.0180995464324951,cell-32679
Myofibroblast,CL:0000186,DS000011735-GSM4058965,DS000011735,3874.292724609375,3926,myofibroblast cell,0.017006520181894302,False,IPF,IPF::myofibroblast cell,IPF myofibroblast centroid,faiss-pq-m8-nbits8,5,1.0172958374023438,cell-36291
Myofibroblast,CL:0000186,DS000011735-GSM4058968,DS000011735,3338.7626953125,2941,myofibroblast cell,0.01593240164220333,False,IPF,IPF::myofibroblast cell,IPF myofibroblast centroid,faiss-pq-m8-nbits8,6,1.0163064002990723,cell-22143
Myofibroblast,CL:0000186,DS000011735-GSM4058948,DS000011735,4107.17822265625,4407,myofibroblast cell,0.027987001463770866,False,IPF,IPF::myofibroblast cell,IPF myofibroblast centroid,faiss-pq-m8-nbits8,7,1.0151655673980713,cell-34676
Myofibroblast,CL:0000186,DS000011735-GSM4058912,DS000011735,3112.229736328125,2099,myofibroblast cell,0.0603536032140255,False,healthy,healthy::myofibroblast cell,IPF myofibroblast centroid,faiss-pq-m8-nbits8,8,1.014697551727295,cell-4062
Myofibroblast,CL:0000186,DS000011735-GSM4058959,DS000011735,3854.2265625,3683,myofibroblast cell,0.045470401644706726,False,IPF,IPF::myofibroblast cell,IPF myofibroblast centroid,faiss-pq-m8-nbits8,9,1.014607548713684,cell-20105
Myofibroblast,CL:0000186,DS000011735-GSM4058969,DS000011735,3832.1865234375,3549,myofibroblast cell,0.031101258471608162,False,IPF,IPF::myofibroblast cell,IPF myofibroblast centroid,faiss-pq-m8-nbits8,10,1.0135467052459717,cell-5036
Myofibroblast,CL:0000186,DS000011735-GSM4058965,DS000011735,3639.88525390625,3582,myofibroblast cell,0.02272382378578186,False,IPF,IPF::myofibroblast cell,IPF myofibroblast centroid,hnswlib-cosine,1,0.9930486083030701,cell-45761
Myofibroblast,CL:0000186,DS000011735-GSM4058966,DS000011735,3317.873291015625,2465,myofibroblast cell,0.012435315176844597,False,IPF,IPF::myofibroblast cell,IPF myofibroblast centroid,hnswlib-cosine,2,0.9925168752670288,cell-36812
Myofibroblast,CL:0000186,DS000011735-GSM4058959,DS000011735,3136.9453125,2178,myofibroblast cell,0.02688712067902088,False,IPF,IPF::myofibroblast cell,IPF myofibroblast centroid,hnswlib-cosine,3,0.9915441274642944,cell-8143
Myofibroblast,CL:0000186,DS000011735-GSM4058959,DS000011735,3365.392822265625,2565,myofibroblast cell,0.13452260196208954,False,IPF,IPF::myofibroblast cell,IPF myofibroblast centroid,hnswlib-cosine,4,0.9905595183372498,cell-38247
Myofibroblast,CL:0000186,DS000011735-GSM4058967,DS000011735,3816.3984375,3439,myofibroblast cell,0.02442614734172821,False,IPF,IPF::myofibroblast cell,IPF myofibroblast centroid,hnswlib-cosine,5,0.9904184937477112,cell-39922
Myofibroblast,CL:0000186,DS000011735-GSM4058951,DS000011735,2823.35107421875,1616,myofibroblast cell,0.04003108665347099,False,IPF,IPF::myofibroblast cell,IPF myofibroblast centroid,hnswlib-cosine,6,0.9903653860092163,cell-25642
Myofibroblast,CL:0000186,DS000011735-GSM4058966,DS000011735,3414.177978515625,2720,myofibroblast cell,0.027145087718963623,False,IPF,IPF::myofibroblast cell,IPF myofibroblast centroid,hnswlib-cosine,7,0.9902703762054443,cell-40466
Myofibroblast,CL:0000186,DS000011735-GSM4058958,DS000011735,2520.435302734375,1241,myofibroblast cell,0.07648591697216034,False,IPF,IPF::myofibroblast cell,IPF myofibroblast centroid,hnswlib-cosine,8,0.9902617931365967,cell-49321
Myofibroblast,CL:0000186,DS000011735-GSM4058970,DS000011735,2789.89599609375,1619,myofibroblast cell,0.04801020398736,False,IPF,IPF::myofibroblast cell,IPF myofibroblast centroid,hnswlib-cosine,9,0.9902445077896118,cell-35204
Myofibroblast,CL:0000186,DS000011735-GSM4058970,DS000011735,2736.68212890625,1505,myofibroblast cell,0.02042905054986477,False,IPF,IPF::myofibroblast cell,IPF myofibroblast centroid,hnswlib-cosine,10,0.9901535511016846,cell-34471
Macrophage_Alveolar,CL:0000583,DS000011735-GSM4058966,DS000011735,2851.518310546875,2391,alveolar macrophage,0.016806963831186295,False,IPF,IPF::alveolar macrophage,IPF alveolar macrophage centroid,exact,1,0.9988961815834045,cell-34322
Macrophage_Alveolar,CL:0000583,DS000011735-GSM4058967,DS000011735,3124.434326171875,2404,alveolar macrophage,0.0308998916298151,False,IPF,IPF::alveolar macrophage,IPF alveolar macrophage centroid,exact,2,0.9988834261894226,cell-31833
Macrophage_Alveolar,CL:0000583,DS000011735-GSM4058968,DS000011735,2868.09423828125,2527,alveolar macrophage,0.05316321924328804,False,IPF,IPF::alveolar macrophage,IPF alveolar macrophage centroid,exact,3,0.9988678693771362,cell-9656
Macrophage_Alveolar,CL:0000583,DS000011735-GSM4058964,DS000011735,3285.0361328125,3128,alveolar macrophage,0.06679758429527283,False,IPF,IPF::alveolar macrophage,IPF alveolar macrophage centroid,exact,4,0.9988425970077515,cell-21775
Macrophage_Alveolar,CL:0000583,DS000011735-GSM4058959,DS000011735,3318.58642578125,3607,alveolar macrophage,0.1423642784357071,False,IPF,IPF::alveolar macrophage,IPF alveolar macrophage centroid,exact,5,0.998788595199585,cell-13485
Macrophage_Alveolar,CL:0000583,DS000011735-GSM4058934,DS000011735,3165.457763671875,3307,alveolar macrophage,0.03194548562169075,False,COPD,COPD::alveolar macrophage,IPF alveolar macrophage centroid,exact,6,0.9987332224845886,cell-629
Macrophage,CL:0000235,DS000011735-GSM4058912,DS000011735,3218.71240234375,2809,macrophage,0.043050769716501236,False,healthy,healthy::macrophage,IPF alveolar macrophage centroid,exact,7,0.9987170100212097,cell-38120
Macrophage_Alveolar,CL:0000583,DS000011735-GSM4058959,DS000011735,3321.32861328125,3370,alveolar macrophage,0.09111630171537399,False,IPF,IPF::alveolar macrophage,IPF alveolar macrophage centroid,exact,8,0.9986338019371033,cell-24946
Macrophage_Alveolar,CL:0000583,DS000011735-GSM4058900,DS000011735,3256.235107421875,3349,alveolar macrophage,0.03042290359735489,False,healthy,healthy::alveolar macrophage,IPF alveolar macrophage centroid,exact,9,0.9986220002174377,cell-4861
Macrophage_Alveolar,CL:0000583,DS000011735-GSM4058959,DS000011735,2967.7607421875,2604,alveolar macrophage,0.06858399510383606,False,IPF,IPF::alveolar macrophage,IPF alveolar macrophage centroid,exact,10,0.998564600944519,cell-2491
Macrophage_Alveolar,CL:0000583,DS000011735-GSM4058966,DS000011735,2851.518310546875,2391,alveolar macrophage,0.016806963831186295,False,IPF,IPF::alveolar macrophage,IPF alveolar macrophage centroid,turboquant-prod-b2,1,0.9988961815834045,cell-34322
Macrophage_Alveolar,CL:0000583,DS000011735-GSM4058967,DS000011735,3124.434326171875,2404,alveolar macrophage,0.0308998916298151,False,IPF,IPF::alveolar macrophage,IPF alveolar macrophage centroid,turboquant-prod-b2,2,0.9988834261894226,cell-31833
Macrophage_Alveolar,CL:0000583,DS000011735-GSM4058968,DS000011735,2868.09423828125,2527,alveolar macrophage,0.05316321924328804,False,IPF,IPF::alveolar macrophage,IPF alveolar macrophage centroid,turboquant-prod-b2,3,0.9988678693771362,cell-9656
Macrophage_Alveolar,CL:0000583,DS000011735-GSM4058964,DS000011735,3285.0361328125,3128,alveolar macrophage,0.06679758429527283,False,IPF,IPF::alveolar macrophage,IPF alveolar macrophage centroid,turboquant-prod-b2,4,0.9988425970077515,cell-21775
Macrophage_Alveolar,CL:0000583,DS000011735-GSM4058959,DS000011735,2967.7607421875,2604,alveolar macrophage,0.06858399510383606,False,IPF,IPF::alveolar macrophage,IPF alveolar macrophage centroid,turboquant-prod-b2,5,0.998564600944519,cell-2491
Macrophage_Alveolar,CL:0000583,DS000011735-GSM4058928,DS000011735,3131.568603515625,2497,alveolar macrophage,0.044395528733730316,False,COPD,COPD::alveolar macrophage,IPF alveolar macrophage centroid,turboquant-prod-b2,6,0.9984865784645081,cell-22163
Macrophage_Alveolar,CL:0000583,DS000011735-GSM4058963,DS000011735,3197.254150390625,2942,alveolar macrophage,0.06232031434774399,False,IPF,IPF::alveolar macrophage,IPF alveolar macrophage centroid,turboquant-prod-b2,7,0.9984853267669678,cell-46706
Macrophage_Alveolar,CL:0000583,DS000011735-GSM4058964,DS000011735,3085.1025390625,3080,alveolar macrophage,0.01957782544195652,False,IPF,IPF::alveolar macrophage,IPF alveolar macrophage centroid,turboquant-prod-b2,8,0.9984705448150635,cell-7018
Macrophage_Alveolar,CL:0000583,DS000011735-GSM4058909,DS000011735,2969.734619140625,2055,alveolar macrophage,0.0060185836628079414,False,healthy,healthy::alveolar macrophage,IPF alveolar macrophage centroid,turboquant-prod-b2,9,0.9984509348869324,cell-13641
Macrophage_Alveolar,CL:0000583,DS000011735-GSM4058934,DS000011735,3144.69921875,4128,alveolar macrophage,0.04248828440904617,False,COPD,COPD::alveolar macrophage,IPF alveolar macrophage centroid,turboquant-prod-b2,10,0.9984501600265503,cell-46180
Macrophage_Alveolar,CL:0000583,DS000011735-GSM4058966,DS000011735,2851.518310546875,2391,alveolar macrophage,0.016806963831186295,False,IPF,IPF::alveolar macrophage,IPF alveolar macrophage centroid,turboquant-prod-b3,1,0.9988961815834045,cell-34322
Macrophage_Alveolar,CL:0000583,DS000011735-GSM4058967,DS000011735,3124.434326171875,2404,alveolar macrophage,0.0308998916298151,False,IPF,IPF::alveolar macrophage,IPF alveolar macrophage centroid,turboquant-prod-b3,2,0.9988834261894226,cell-31833
Macrophage_Alveolar,CL:0000583,DS000011735-GSM4058968,DS000011735,2868.09423828125,2527,alveolar macrophage,0.05316321924328804,False,IPF,IPF::alveolar macrophage,IPF alveolar macrophage centroid,turboquant-prod-b3,3,0.9988678693771362,cell-9656
Macrophage,CL:0000235,DS000011735-GSM4058912,DS000011735,3218.71240234375,2809,macrophage,0.043050769716501236,False,healthy,healthy::macrophage,IPF alveolar macrophage centroid,turboquant-prod-b3,4,0.9987170100212097,cell-38120
Macrophage_Alveolar,CL:0000583,DS000011735-GSM4058900,DS000011735,3256.235107421875,3349,alveolar macrophage,0.03042290359735489,False,healthy,healthy::alveolar macrophage,IPF alveolar macrophage centroid,turboquant-prod-b3,5,0.9986220002174377,cell-4861
Macrophage_Alveolar,CL:0000583,DS000011735-GSM4058959,DS000011735,2967.7607421875,2604,alveolar macrophage,0.06858399510383606,False,IPF,IPF::alveolar macrophage,IPF alveolar macrophage centroid,turboquant-prod-b3,6,0.998564600944519,cell-2491
Macrophage_Alveolar,CL:0000583,DS000011735-GSM4058928,DS000011735,3131.568603515625,2497,alveolar macrophage,0.044395528733730316,False,COPD,COPD::alveolar macrophage,IPF alveolar macrophage centroid,turboquant-prod-b3,7,0.9984865784645081,cell-22163
Macrophage_Alveolar,CL:0000583,DS000011735-GSM4058963,DS000011735,3197.254150390625,2942,alveolar macrophage,0.06232031434774399,False,IPF,IPF::alveolar macrophage,IPF alveolar macrophage centroid,turboquant-prod-b3,8,0.9984853267669678,cell-46706
Macrophage_Alveolar,CL:0000583,DS000011735-GSM4058964,DS000011735,3085.1025390625,3080,alveolar macrophage,0.01957782544195652,False,IPF,IPF::alveolar macrophage,IPF alveolar macrophage centroid,turboquant-prod-b3,9,0.9984705448150635,cell-7018
Macrophage_Alveolar,CL:0000583,DS000011735-GSM4058909,DS000011735,2969.734619140625,2055,alveolar macrophage,0.0060185836628079414,False,healthy,healthy::alveolar macrophage,IPF alveolar macrophage centroid,turboquant-prod-b3,10,0.9984509348869324,cell-13641
Macrophage_Alveolar,CL:0000583,DS000011735-GSM4058967,DS000011735,3124.434326171875,2404,alveolar macrophage,0.0308998916298151,False,IPF,IPF::alveolar macrophage,IPF alveolar macrophage centroid,turboquant-prod-b4,1,0.9988834261894226,cell-31833
Macrophage_Alveolar,CL:0000583,DS000011735-GSM4058964,DS000011735,3285.0361328125,3128,alveolar macrophage,0.06679758429527283,False,IPF,IPF::alveolar macrophage,IPF alveolar macrophage centroid,turboquant-prod-b4,2,0.9988425970077515,cell-21775
Macrophage,CL:0000235,DS000011735-GSM4058912,DS000011735,3218.71240234375,2809,macrophage,0.043050769716501236,False,healthy,healthy::macrophage,IPF alveolar macrophage centroid,turboquant-prod-b4,3,0.9987170100212097,cell-38120
Macrophage_Alveolar,CL:0000583,DS000011735-GSM4058959,DS000011735,3321.32861328125,3370,alveolar macrophage,0.09111630171537399,False,IPF,IPF::alveolar macrophage,IPF alveolar macrophage centroid,turboquant-prod-b4,4,0.9986338019371033,cell-24946
Macrophage_Alveolar,CL:0000583,DS000011735-GSM4058959,DS000011735,2967.7607421875,2604,alveolar macrophage,0.06858399510383606,False,IPF,IPF::alveolar macrophage,IPF alveolar macrophage centroid,turboquant-prod-b4,5,0.998564600944519,cell-2491
Macrophage_Alveolar,CL:0000583,DS000011735-GSM4058949,DS000011735,3205.6708984375,3142,alveolar macrophage,0.03070337139070034,False,IPF,IPF::alveolar macrophage,IPF alveolar macrophage centroid,turboquant-prod-b4,6,0.9984896183013916,cell-10936
Macrophage_Alveolar,CL:0000583,DS000011735-GSM4058928,DS000011735,3131.568603515625,2497,alveolar macrophage,0.044395528733730316,False,COPD,COPD::alveolar macrophage,IPF alveolar macrophage centroid,turboquant-prod-b4,7,0.9984865784645081,cell-22163
Macrophage_Alveolar,CL:0000583,DS000011735-GSM4058963,DS000011735,3197.254150390625,2942,alveolar macrophage,0.06232031434774399,False,IPF,IPF::alveolar macrophage,IPF alveolar macrophage centroid,turboquant-prod-b4,8,0.9984853267669678,cell-46706
Macrophage_Alveolar,CL:0000583,DS000011735-GSM4058964,DS000011735,3085.1025390625,3080,alveolar macrophage,0.01957782544195652,False,IPF,IPF::alveolar macrophage,IPF alveolar macrophage centroid,turboquant-prod-b4,9,0.9984705448150635,cell-7018
Macrophage_Alveolar,CL:0000583,DS000011735-GSM4058909,DS000011735,2969.734619140625,2055,alveolar macrophage,0.0060185836628079414,False,healthy,healthy::alveolar macrophage,IPF alveolar macrophage centroid,turboquant-prod-b4,10,0.9984509348869324,cell-13641
Macrophage_Alveolar,CL:0000583,DS000011735-GSM4058975,DS000011735,3659.360595703125,4577,alveolar macrophage,0.0042470404878258705,False,IPF,IPF::alveolar macrophage,IPF alveolar macrophage centroid,faiss-pq-m8-nbits8,1,1.0173242092132568,cell-19991
Macrophage_Alveolar,CL:0000583,DS000011735-GSM4058968,DS000011735,3826.435302734375,4186,alveolar macrophage,0.06127446889877319,False,IPF,IPF::alveolar macrophage,IPF alveolar macrophage centroid,faiss-pq-m8-nbits8,2,1.0152125358581543,cell-1754
Macrophage_Alveolar,CL:0000583,DS000011735-GSM4058969,DS000011735,3307.088623046875,2611,alveolar macrophage,0.022475715726614,False,IPF,IPF::alveolar macrophage,IPF alveolar macrophage centroid,faiss-pq-m8-nbits8,3,1.0146781206130981,cell-8870
Macrophage_Alveolar,CL:0000583,DS000011735-GSM4058944,DS000011735,2861.581298828125,1687,alveolar macrophage,0.030793188139796257,False,COPD,COPD::alveolar macrophage,IPF alveolar macrophage centroid,faiss-pq-m8-nbits8,4,1.0146015882492065,cell-34786
Macrophage_Alveolar,CL:0000583,DS000011735-GSM4058955,DS000011735,3728.751953125,5870,alveolar macrophage,0.01644459180533886,False,IPF,IPF::alveolar macrophage,IPF alveolar macrophage centroid,faiss-pq-m8-nbits8,5,1.0145875215530396,cell-43311
Macrophage_Alveolar,CL:0000583,DS000011735-GSM4058964,DS000011735,2941.04443359375,2141,alveolar macrophage,0.05239957198500633,False,IPF,IPF::alveolar macrophage,IPF alveolar macrophage centroid,faiss-pq-m8-nbits8,6,1.0141878128051758,cell-9201
Macrophage_Alveolar,CL:0000583,DS000011735-GSM4058914,DS000011735,4094.838623046875,4721,alveolar macrophage,0.07501716166734695,False,healthy,healthy::alveolar macrophage,IPF alveolar macrophage centroid,faiss-pq-m8-nbits8,7,1.0139416456222534,cell-5521
Macrophage_Alveolar,CL:0000583,DS000011735-GSM4058933,DS000011735,3295.559814453125,3449,alveolar macrophage,0.08461342006921768,False,COPD,COPD::alveolar macrophage,IPF alveolar macrophage centroid,faiss-pq-m8-nbits8,8,1.0138659477233887,cell-7743
Macrophage_Alveolar,CL:0000583,DS000011735-GSM4058906,DS000011735,3354.523193359375,2465,alveolar macrophage,0.06623110920190811,False,healthy,healthy::alveolar macrophage,IPF alveolar macrophage centroid,faiss-pq-m8-nbits8,9,1.0133233070373535,cell-1112
Macrophage_Alveolar,CL:0000583,DS000011735-GSM4058911,DS000011735,3458.7978515625,3009,alveolar macrophage,0.03276830166578293,False,healthy,healthy::alveolar macrophage,IPF alveolar macrophage centroid,faiss-pq-m8-nbits8,10,1.0132079124450684,cell-15643
Macrophage_Alveolar,CL:0000583,DS000011735-GSM4058966,DS000011735,2851.518310546875,2391,alveolar macrophage,0.016806963831186295,False,IPF,IPF::alveolar macrophage,IPF alveolar macrophage centroid,hnswlib-cosine,1,0.9988963603973389,cell-34322
Macrophage_Alveolar,CL:0000583,DS000011735-GSM4058967,DS000011735,3124.434326171875,2404,alveolar macrophage,0.0308998916298151,False,IPF,IPF::alveolar macrophage,IPF alveolar macrophage centroid,hnswlib-cosine,2,0.9988833069801331,cell-31833
Macrophage_Alveolar,CL:0000583,DS000011735-GSM4058968,DS000011735,2868.09423828125,2527,alveolar macrophage,0.05316321924328804,False,IPF,IPF::alveolar macrophage,IPF alveolar macrophage centroid,hnswlib-cosine,3,0.9988678693771362,cell-9656
Macrophage_Alveolar,CL:0000583,DS000011735-GSM4058964,DS000011735,3285.0361328125,3128,alveolar macrophage,0.06679758429527283,False,IPF,IPF::alveolar macrophage,IPF alveolar macrophage centroid,hnswlib-cosine,4,0.9988425374031067,cell-21775
Macrophage_Alveolar,CL:0000583,DS000011735-GSM4058959,DS000011735,3318.58642578125,3607,alveolar macrophage,0.1423642784357071,False,IPF,IPF::alveolar macrophage,IPF alveolar macrophage centroid,hnswlib-cosine,5,0.9987884759902954,cell-13485
Macrophage_Alveolar,CL:0000583,DS000011735-GSM4058934,DS000011735,3165.457763671875,3307,alveolar macrophage,0.03194548562169075,False,COPD,COPD::alveolar macrophage,IPF alveolar macrophage centroid,hnswlib-cosine,6,0.9987331032752991,cell-629
Macrophage,CL:0000235,DS000011735-GSM4058912,DS000011735,3218.71240234375,2809,macrophage,0.043050769716501236,False,healthy,healthy::macrophage,IPF alveolar macrophage centroid,hnswlib-cosine,7,0.9987170696258545,cell-38120
Macrophage_Alveolar,CL:0000583,DS000011735-GSM4058959,DS000011735,3321.32861328125,3370,alveolar macrophage,0.09111630171537399,False,IPF,IPF::alveolar macrophage,IPF alveolar macrophage centroid,hnswlib-cosine,8,0.9986336827278137,cell-24946
Macrophage_Alveolar,CL:0000583,DS000011735-GSM4058900,DS000011735,3256.235107421875,3349,alveolar macrophage,0.03042290359735489,False,healthy,healthy::alveolar macrophage,IPF alveolar macrophage centroid,hnswlib-cosine,9,0.998621940612793,cell-4861
Macrophage_Alveolar,CL:0000583,DS000011735-GSM4058959,DS000011735,2967.7607421875,2604,alveolar macrophage,0.06858399510383606,False,IPF,IPF::alveolar macrophage,IPF alveolar macrophage centroid,hnswlib-cosine,10,0.9985644817352295,cell-2491
